Name,Price,Brand,Promo,Number of reviews,Rating,Free Delivery
"LG 55"" OLED EVO C4 4K UHD Smart TV (2024)",3295,LG,Get 3 months of Apple TV+*,383,4.8,Yes
"Samsung 75"" Q60D QLED 4K Smart TV [2024]",1695,SAMSUNG,Get 3 months of Apple TV+*,147,4.7,Yes
"Samsung 43"" The Frame QLED 4K Smart TV [2024]",995,SAMSUNG,Get 3 months of Apple TV+*,174,4.6,Yes
"Samsung 55"" S90D OLED 4K Smart TV [2024]",3295,SAMSUNG,Get 3 months of Apple TV+*,138,4.6,Yes
"Hisense 40"" A4NAU Full HD Smart TV [2024]",395,HISENSE,Get 3 months of Apple TV+*,146,4.4,Yes
"LG 65"" OLED EVO C4 4K UHD Smart TV (2024)",4295,LG,Get 3 months of Apple TV+*,373,4.8,Yes
"Samsung 65"" The Frame QLED 4K Smart TV [2024]",1995,SAMSUNG,Get 3 months of Apple TV+*,176,4.6,Yes
"Samsung 75"" Q60D QLED 4K Smart TV [2024]",1695,SAMSUNG,Get 3 months of Apple TV+*,147,4.7,Yes
"Hisense 75"" Q6NAU 4K QLED Smart TV [2024]",1495,HISENSE,Get 3 months of Apple TV+*,105,4.5,Yes
"Hisense 65"" Q6NAU 4K QLED Smart TV [2024]",995,HISENSE,Get 3 months of Apple TV+*,108,4.5,Yes
"Hisense 55"" Q6NAU 4K QLED Smart TV [2024]",795,HISENSE,Get 3 months of Apple TV+*,113,4.5,Yes
"Hisense 32"" A4NAU HD Smart TV [2024]",245,HISENSE,Get 3 months of Apple TV+*,138,4.4,Yes
"Samsung 65"" S90D OLED 4K Smart TV [2024]",4295,SAMSUNG,Get 3 months of Apple TV+*,141,4.6,Yes
"Samsung 65"" DU7700 Crystal LED UHD 4K Smart TV [2024]",1295,SAMSUNG,Get 3 months of Apple TV+*,261,4.5,Yes
"Samsung 55"" DU7700 Crystal LED UHD 4K Smart TV [2024]",995,SAMSUNG,Get 3 months of Apple TV+*,261,4.5,Yes
"LG 55"" UT8050 4K UHD LED Smart TV (2024)",1195,LG,Get 3 months of Apple TV+*,169,4.3,Yes
"Ffalcon 55"" U64 4K UHD Google TV [2024]",499,FFALCON,Get 3 months of Apple TV+*,95,4.4,Yes
"Samsung 55"" The Frame QLED 4K Smart TV [2024]",1595,SAMSUNG,Get 3 months of Apple TV+*,174,4.6,Yes
"LG 65"" OLED EVO G4 4K UHD Smart TV (2024)",4495,LG,Get 3 months of Apple TV+*,238,4.7,Yes
"LG 75"" QNED86 4K UHD LED Smart TV (2024)",2995,LG,Get 3 months of Apple TV+*,165,4.7,Yes
"LG 65"" QNED86 4K UHD LED Smart TV (2024)",2295,LG,Get 3 months of Apple TV+*,165,4.7,Yes
"LG 65"" UT8050 4K UHD LED Smart TV (2024)",1495,LG,Bonus Offer,169,4.3,Yes
"Samsung 75"" The Frame QLED 4K Smart TV [2024]",2995,SAMSUNG,Get 3 months of Apple TV+*,173,4.6,Yes
"Samsung 55"" S90D OLED 4K Smart TV [2024]",3295,SAMSUNG,Get 3 months of Apple TV+*,138,4.6,Yes
"FFalcon 65"" U63 4K UHD Smart TV [2023]",699,FFALCON,Get 3 months of Apple TV+*,241,4.4,Yes
FFalcon 32” S53 HD Smart TV [2023],199,FFALCON,Get 3 months of Apple TV+*,188,4.1,Yes
"Sony 65"" X90L Bravia XR Full Array LED 4K Google TV [2023]",2295,SONY,Get 3 months of Apple TV+*,1564,4.7,Yes
"Hisense 50"" Q6NAU 4K QLED Smart TV [2024]",695,HISENSE,Get 3 months of Apple TV+*,106,4.5,Yes
"Hisense 43"" Q6NAU 4K QLED Smart TV [2024]",695,HISENSE,Get 3 months of Apple TV+*,103,4.5,Yes
"TCL 65"" C655 4K UHD QLED Google TV (2024)",995,TCL,Get 3 months of Apple TV+*,40,4.2,Yes
"Hisense 65"" U7NAU ULED Mini-LED 4K Smart TV [2024]",1495,HISENSE,Get 3 months of Apple TV+*,26,4.5,Yes
"Ffalcon 50"" U64 4K UHD Google TV [2024]",399,FFALCON,Get 3 months of Apple TV+*,95,4.4,Yes
"Sony 65"" BRAVIA 3 4K HDR LED Google TV (2024)",1695,SONY,Get 3 months of Apple TV+*,228,4.4,Yes
"Hisense 75"" U6NAU Mini-LED 4K QLED Smart TV [2024]",1795,HISENSE,Get 3 months of Apple TV+*,19,4.7,Yes
"Hisense 55"" U6NAU Mini-LED 4K QLED Smart TV [2024]",895,HISENSE,Get 3 months of Apple TV+*,21,4.5,Yes
"Hisense 85"" Q6NAU 4K QLED Smart TV [2024]",1995,HISENSE,Get 3 months of Apple TV+*,102,4.5,Yes
"TCL 75"" C655 4K UHD QLED Google TV (2024)",1295,TCL,Get 3 months of Apple TV+*,40,4.2,Yes
"TCL 55"" C655 4K UHD QLED Google TV (2024)",795,TCL,Get 3 months of Apple TV+*,41,4.2,Yes
"Samsung 98"" QN90D Neo QLED 4K Smart TV [2024]",12995,SAMSUNG,Get 3 months of Apple TV+*,171,4.8,Yes
"LG 55"" OLED EVO C4 4K UHD Smart TV (2024)",3295,LG,Get 3 months of Apple TV+*,383,4.8,Yes
"LG 55"" QNED86 4K UHD LED Smart TV (2024)",1795,LG,Get 3 months of Apple TV+*,165,4.7,Yes
"Samsung 50"" DU7700 Crystal LED UHD 4K Smart TV [2024]",895,SAMSUNG,Get 3 months of Apple TV+*,261,4.5,Yes
"Samsung 43"" DU7700 Crystal LED UHD 4K Smart TV [2024]",795,SAMSUNG,Get 3 months of Apple TV+*,261,4.5,Yes
"LG 50"" UT8050 4K UHD LED Smart TV (2024)",995,LG,Get 3 months of Apple TV+*,169,4.3,Yes
"LG 27"" StanbyME Portable FHD Smart Touch Screen",1995,LG,Get 3 months of Apple TV+*,82,4.4,Yes
"FFalcon 75"" U63 4K UHD Smart TV [2023]",899,FFALCON,Get 3 months of Apple TV+*,241,4.4,Yes
"Sony 75"" X90L Bravia XR Full Array LED 4K Google TV [2023]",2995,SONY,Get 3 months of Apple TV+*,1564,4.7,Yes
"LG 83"" OLED EVO C4 4K UHD Smart TV (2024)",7995,LG,Get 3 months of Apple TV+*,373,4.8,Yes
"TCL 85"" C855 4K UHD Premium QD Mini-LED Google TV (2024)",3196,TCL,Get 3 months of Apple TV+*,5,4.0,Yes
"Sony 55"" BRAVIA 3 4K HDR LED Google TV (2024)",1495,SONY,Get 3 months of Apple TV+*,228,4.4,Yes
"Samsung 77"" S90D OLED 4K Smart TV [2024]",5995,SAMSUNG,Get 3 months of Apple TV+*,64,4.7,Yes
"LG 77"" OLED EVO G4 4K UHD Smart TV (2024)",7195,LG,Get 3 months of Apple TV+*,230,4.7,Yes
"LG 48"" OLED EVO C4 4K UHD Smart TV (2024)",2495,LG,Get 3 months of Apple TV+*,383,4.8,Yes
"LG 42"" OLED EVO C4 4K UHD Smart TV (2024)",2195,LG,Get 3 months of Apple TV+*,383,4.8,Yes
"Samsung 65"" Q60D QLED 4K Smart TV [2024]",1895,SAMSUNG,Get 3 months of Apple TV+*,148,4.7,Yes
"LG 77"" OLED EVO C4 4K UHD Smart TV (2024)",5995,LG,Get 3 months of Apple TV+*,373,4.8,Yes
"LG 75"" QNED81 4K UHD LED Smart TV (2024)",1795,LG,Bonus Offer,133,4.6,Yes
"Samsung 75"" QN85D Neo QLED 4K Smart TV [2024]",3995,SAMSUNG,Bonus Offer,43,4.7,Yes
"Samsung 85"" QN85D Neo QLED 4K Smart TV [2024]",5495,SAMSUNG,Bonus Offer,160,4.8,Yes
FFalcon 40” S53 FHD Smart TV [2023],299,FFALCON,Bonus Offer,188,4.1,Yes
"TCL 55"" C745 4K Ultra HD QLED Google TV [2023]",995,TCL,Bonus Offer,187,4.5,Yes
"TCL 65"" C745 4K Ultra HD QLED Google TV [2023]",1295,TCL,Bonus Offer,187,4.5,Yes
"TCL 40"" S5400 Full HD LED Android Smart TV [2023]",345,TCL,Bonus Offer,168,3.9,Yes
"TCL 32"" S5400 Full HD LED Android Smart TV [2023]",295,TCL,Bonus Offer,167,3.9,Yes
"Samsung 85"" Q60C QLED 4K Smart TV [2023]",2488,SAMSUNG,Bonus Offer,538,4.7,Yes
"Samsung 85"" The Frame QLED 4K Smart TV [2024]",3795,SAMSUNG,Get 3 months of Apple TV+*,171,4.6,Yes
"Sony 50"" BRAVIA 3 4K HDR LED Google TV (2024)",1095,SONY,Get 3 months of Apple TV+*,228,4.4,Yes
"Sony 43"" BRAVIA 3 4K HDR LED Google TV (2024)",895,SONY,Get 3 months of Apple TV+*,228,4.4,Yes
"TCL 65"" C755 4K UHD QD Mini-LED Google TV (2024)",1356,TCL,Get 3 months of Apple TV+*,25,4.3,Yes
"TCL 50"" C655 4K UHD QLED Google TV (2024)",795,TCL,Get 3 months of Apple TV+*,40,4.2,Yes
"TCL 43"" C655 4K UHD QLED Google TV (2024)",695,TCL,Get 3 months of Apple TV+*,41,4.2,Yes
"Hisense 85"" U7NAU ULED Mini-LED 4K Smart TV [2024]",2995,HISENSE,Get 3 months of Apple TV+*,20,4.6,Yes
"Hisense 55"" U7NAU ULED Mini-LED 4K Smart TV [2024]",1095,HISENSE,Get 3 months of Apple TV+*,22,4.4,Yes
"LG 86"" QNED86 4K UHD LED Smart TV (2024)",4295,LG,Get 3 months of Apple TV+*,169,4.7,Yes
"Ffalcon 43"" U64 4K UHD Google TV [2024]",379,FFALCON,Get 3 months of Apple TV+*,95,4.4,Yes
"Sony 75"" BRAVIA 7 4K HDR Mini LED Google TV (2024)",3820,SONY,Get 3 months of Apple TV+*,115,4.5,Yes
"Hisense 65"" U6NAU Mini-LED 4K QLED Smart TV [2024]",1195,HISENSE,Get 3 months of Apple TV+*,26,4.5,Yes
"TCL 50"" C755 4K UHD QD Mini-LED Google TV (2024)",876,TCL,Get 3 months of Apple TV+*,24,4.3,Yes
"TCL 85"" C655 4K UHD QLED Google TV (2024)",1795,TCL,Get 3 months of Apple TV+*,40,4.2,Yes
"LG 43"" QNED81 4K UHD LED Smart TV (2024)",795,LG,Get 3 months of Apple TV+*,133,4.6,Yes
"LG 75"" UT8050 4K UHD LED Smart TV (2024)",1895,LG,Get 3 months of Apple TV+*,169,4.3,Yes
"LG 55"" OLED B4 4K UHD Smart TV (2024)",1995,LG,Get 3 months of Apple TV+*,56,4.5,Yes
"LG 86"" UT8050 4K UHD LED Smart TV (2024)",2895,LG,Get 3 months of Apple TV+*,169,4.3,Yes
"Samsung 65"" S95D OLED 4K Smart TV [2024]",4995,SAMSUNG,Get 3 months of Apple TV+*,74,4.9,Yes
"Samsung 43"" QN90D Neo QLED 4K Smart TV [2024]",1995,SAMSUNG,Get 3 months of Apple TV+*,190,4.8,Yes
"Samsung 65"" QN85D Neo QLED 4K Smart TV [2024]",2995,SAMSUNG,Get 3 months of Apple TV+*,48,4.6,Yes
"Samsung 43"" The Frame QLED 4K Smart TV [2024]",995,SAMSUNG,Get 3 months of Apple TV+*,174,4.6,Yes
"Samsung 55"" Q60D QLED 4K Smart TV [2024]",1495,SAMSUNG,Get 3 months of Apple TV+*,147,4.7,Yes
"Sony 85"" X90L Bravia XR Full Array LED 4K Google TV [2023]",3995,SONY,Get 3 months of Apple TV+*,1564,4.7,Yes
"Samsung 65"" S95C QD-OLED 4K Smart TV [2023]",3988,SAMSUNG,Get 3 months of Apple TV+*,255,4.7,Yes
"Sony 55"" X90L Bravia XR Full Array LED 4K Google TV [2023]",1995,SONY,Get 3 months of Apple TV+*,1564,4.7,Yes
"Samsung 32"" T5300 Full HD Smart LED TV [2020]",545,SAMSUNG,Get 3 months of Apple TV+*,244,3.9,Yes
"Sony 65"" BRAVIA 7 4K HDR Mini LED Google TV (2024)",2970,SONY,Get 3 months of Apple TV+*,115,4.5,Yes
"TCL 55"" C755 4K UHD QD Mini-LED Google TV (2024)",996,TCL,Get 3 months of Apple TV+*,24,4.3,Yes
"Hisense 75"" U7NAU ULED Mini-LED 4K Smart TV [2024]",2195,HISENSE,Get 3 months of Apple TV+*,27,4.3,Yes
"Sony 85"" BRAVIA 7 4K HDR Mini LED Google TV (2024)",4670,SONY,Get 3 months of Apple TV+*,115,4.5,Yes
"Hisense 65"" U8NAU 4K  ULED QD Mini-LED PRO Smart TV [2024]",1995,HISENSE,Get 3 months of Apple TV+*,9,4.8,Yes
"TCL 75"" C755 4K UHD QD Mini-LED Google TV (2024)",1796,TCL,Get 3 months of Apple TV+*,24,4.3,Yes
"Hisense 100"" Q7NAU 4K QLED Smart TV [2024]",3995,HISENSE,Get 3 months of Apple TV+*,5,4.0,Yes
"Hisense 75"" U8NAU 4K  ULED QD Mini-LED PRO Smart TV [2024]",2795,HISENSE,Get 3 months of Apple TV+*,11,4.8,Yes
"Samsung 83"" S90D OLED 4K Smart TV [2024]",7995,SAMSUNG,Get 3 months of Apple TV+*,64,4.7,Yes
"LG 65"" OLED B4 4K UHD Smart TV (2024)",2795,LG,Get 3 months of Apple TV+*,56,4.5,Yes
"LG 55"" OLED EVO G4 4K UHD Smart TV (2024)",3695,LG,Get 3 months of Apple TV+*,228,4.7,Yes
"LG 75"" QNED91 4K UHD Mini LED Smart TV (2024)",2995,LG,Get 3 months of Apple TV+*,41,4.7,Yes
"LG 43"" UT8050 4K UHD LED Smart TV (2024)",895,LG,Get 3 months of Apple TV+*,169,4.3,Yes
"Samsung 85"" Q60D QLED 4K Smart TV [2024]",2595,SAMSUNG,Get 3 months of Apple TV+*,147,4.7,Yes
"Samsung 65"" QN800D Neo QLED 8K Smart TV [2024]",4795,SAMSUNG,Get 3 months of Apple TV+*,22,5.0,Yes
"Samsung 55"" S95D OLED 4K Smart TV [2024]",3995,SAMSUNG,Get 3 months of Apple TV+*,76,4.9,Yes
"Hisense 100"" U7KAU ULED Mini-LED 4K Smart TV [2023]",4995,HISENSE,Get 3 months of Apple TV+*,104,4.6,Yes
"TCL 75"" C745 4K Ultra HD QLED Google TV [2023]",1695,TCL,Get 3 months of Apple TV+*,187,4.5,Yes
"TCL 85"" C745 4K Ultra HD QLED Google TV [2023]",2288,TCL,Get 3 months of Apple TV+*,187,4.5,Yes
"Sony 75"" BRAVIA 3 4K HDR LED Google TV (2024)",2195,SONY,Get 3 months of Apple TV+*,228,4.4,Yes
"TCL 65"" C855 4K UHD Premium QD Mini-LED Google TV (2024)",1756,TCL,Get 3 months of Apple TV+*,5,4.0,Yes
"Hisense 85"" U8NAU 4K ULED QD Mini-LED PRO Smart TV [2024]",3495,HISENSE,Get 3 months of Apple TV+*,8,5.0,Yes
"TCL 85"" C755 4K UHD QD Mini-LED Google TV (2024)",2556,TCL,Get 3 months of Apple TV+*,24,4.3,Yes
"Samsung 50"" The Frame QLED 4K Smart TV [2024]",1295,SAMSUNG,Get 3 months of Apple TV+*,173,4.6,Yes
"LG 50"" QNED81 4K UHD LED Smart TV (2024)",895,LG,Get 3 months of Apple TV+*,133,4.6,Yes
"LG 65"" QNED81 4K UHD LED Smart TV (2024)",1525,LG,Get 3 months of Apple TV+*,133,4.6,Yes
"LG 55"" QNED81 4K UHD LED Smart TV (2024)",1165,LG,Get 3 months of Apple TV+*,133,4.6,Yes
"Samsung 85"" QN900D Neo QLED 8K Smart TV [2024]",11995,SAMSUNG,Get 3 months of Apple TV+*,197,4.8,Yes
"Samsung 85"" QN800D Neo QLED 8K Smart TV [2024]",8995,SAMSUNG,Get 3 months of Apple TV+*,20,5.0,Yes
"Samsung 75"" QN800D Neo QLED 8K Smart TV [2024]",6495,SAMSUNG,Get 3 months of Apple TV+*,22,4.9,Yes
"Samsung 50"" QN90D Neo QLED 4K Smart TV [2024]",2395,SAMSUNG,Get 3 months of Apple TV+*,191,4.8,Yes
"Samsung 55"" QN85D Neo QLED 4K Smart TV [2024]",2495,SAMSUNG,Get 3 months of Apple TV+*,44,4.7,Yes
"Samsung 65"" QN900C Neo QLED 8K Smart TV [2023]",4888,SAMSUNG,Get 3 months of Apple TV+*,162,4.7,Yes
"Samsung 50"" QN90C Neo QLED Mini LED 4K Smart TV [2023]",1988,SAMSUNG,Get 3 months of Apple TV+*,241,4.7,Yes
"Sony 85"" BRAVIA 3 4K HDR LED Google TV (2024)",2995,SONY,Get 3 months of Apple TV+*,228,4.4,Yes
"LG 86"" QNED81 4K UHD LED Smart TV (2024)",2695,LG,Get 3 months of Apple TV+*,101,4.6,Yes
"Sony 55"" BRAVIA 7 4K HDR Mini LED Google TV (2024)",2545,SONY,Get 3 months of Apple TV+*,115,4.5,Yes
"Hisense 85"" U6NAU Mini-LED 4K QLED Smart TV [2024]",2495,HISENSE,Get 3 months of Apple TV+*,17,4.6,Yes
"TCL 75"" C855 4K UHD Premium QD Mini-LED Google TV (2024)",2396,TCL,Get 3 months of Apple TV+*,5,4.0,Yes
"Samsung 65"" QN900D Neo QLED 8K Smart TV [2024]",6495,SAMSUNG,Get 3 months of Apple TV+*,198,4.8,Yes
"Samsung 85"" DU7700 Crystal LED UHD 4K Smart TV [2024]",2795,SAMSUNG,Get 3 months of Apple TV+*,261,4.5,Yes
"Samsung 75"" QN900D Neo QLED 8K Smart TV [2024]",8995,SAMSUNG,Get 3 months of Apple TV+*,196,4.8,Yes
"LG 65"" QNED91 4K UHD Mini LED Smart TV (2024)",2495,LG,Get 3 months of Apple TV+*,41,4.7,Yes
"Samsung 98"" Q80C QLED 4K Smart TV [2023]",8995,SAMSUNG,Get 3 months of Apple TV+*,38,4.8,Yes
"Samsung 75"" QN900C Neo QLED 8K Smart TV [2023]",6888,SAMSUNG,Get 3 months of Apple TV+*,162,4.7,Yes
"Samsung 55"" QN90D Neo QLED 4K Smart TV [2024]",2995,SAMSUNG,Get 3 months of Apple TV+*,91,4.8,Yes
"Sony 85"" BRAVIA 9 4K HDR Mini LED Google TV (2024)",6795,SONY,Get 3 months of Apple TV+*,17,4.7,Yes
"Sony 65"" BRAVIA 8 4K HDR OLED Google TV (2024)",4495,SONY,Get 3 months of Apple TV+*,118,4.7,Yes
"LG 98"" QNED89 4K UHD Full Array LED Smart TV (2024)",8995,LG,Get 3 months of Apple TV+*,1,5.0,Yes
"Samsung 85"" QN85C Neo QLED Mini LED 4K Smart TV [2023]",3988,SAMSUNG,Get 3 months of Apple TV+*,226,4.7,Yes
"Samsung 75"" QN90C Neo QLED Mini LED 4K Smart TV [2023]",3988,SAMSUNG,Get 3 months of Apple TV+*,240,4.7,Yes
"Samsung 85"" The Frame QLED 4K Smart TV [2022]",3288,SAMSUNG,Get 3 months of Apple TV+*,1156,4.5,Yes
"Samsung 32"" T5300 Full HD Smart LED TV 2020 [*Refurbished]",445,SAMSUNG,Get 3 months of Apple TV+*,7,1.9,Yes
"Sony 75"" BRAVIA 9 4K HDR Mini LED Google TV (2024)",5945,SONY,Get 3 months of Apple TV+*,17,4.7,Yes
"Sony 77"" BRAVIA 8 4K HDR OLED Google TV (2024)",6995,SONY,Get 3 months of Apple TV+*,118,4.7,Yes
"Sony 55"" BRAVIA 8 4K HDR OLED Google TV (2024)",3495,SONY,Get 3 months of Apple TV+*,118,4.7,Yes
"Sony 98"" X90L Bravia XR Full Array LED 4K Google TV [2023]",7995,SONY,Get 3 months of Apple TV+*,1179,4.7,Yes
"Samsung 43"" CU8000 Crystal LED UHD 4K Smart TV (2023) [*Refurbished]",695,SAMSUNG,Get 3 months of Apple TV+*,1,1.0,Yes
"Samsung 85"" QN90D Neo QLED 4K Smart TV [2024]",6495,SAMSUNG,Get 3 months of Apple TV+*,190,4.8,Yes
"Samsung 75"" QN90D Neo QLED 4K Smart TV [2024]",4995,SAMSUNG,Get 3 months of Apple TV+*,190,4.8,Yes
"Samsung 77"" S95D OLED 4K Smart TV [2024]",7995,SAMSUNG,Get 3 months of Apple TV+*,75,4.8,Yes
"Samsung 85"" QN90C Neo QLED Mini LED 4K Smart TV [2023]",4988,SAMSUNG,Get 3 months of Apple TV+*,294,4.7,Yes
"Samsung 98"" QN90A Neo QLED 4K Smart TV [2021]",9888,SAMSUNG,Get 3 months of Apple TV+*,172,4.6,Yes
"TCL 98"" C855 4K UHD Premium QD Mini-LED Google TV (2024)",6396,TCL,Get 3 months of Apple TV+*,5,4.0,Yes
"LG 86"" QNED91 4K UHD Mini LED Smart TV (2024)",4695,LG,Get 3 months of Apple TV+*,41,4.7,Yes
"Samsung 65"" QN90D Neo QLED 4K Smart TV [2024]",3995,SAMSUNG,Get 3 months of Apple TV+*,93,4.8,Yes
"LG 42"" OLED EVO Flex 4K UHD Gaming TV",3495,LG,Get 3 months of Apple TV+*,14,4.8,Yes
"LG 65"" Objet Collection Easel 4K OLED EVO Smart TV (2022)",3888,LG,Get 3 months of Apple TV+*,24,4.3,Yes
"TCL 98"" C755 4K UHD QD Mini-LED Google TV (2024)",4796,TCL,Get 3 months of Apple TV+*,24,4.3,Yes
"TCL 98"" C655 4K UHD QLED Google TV (2024)",3995,TCL,Get 3 months of Apple TV+*,40,4.2,Yes
"LG 83"" OLED EVO G3 4K UHD Smart TV (2023)",7788,LG,Get 3 months of Apple TV+*,131,4.6,Yes
"LG 55"" OLED evo LX1T Posé 4K Smart TV [2024]",2495,LG,Bonus Offer,8,4.4,Yes
"Blaupunkt 98"" QLED 4K Ultra HD Smart TV [2024]",2499,BLAUPUNKT,Bonus Offer,8,4.4,Yes
"Blaupunkt 85"" QLED 4K Ultra HD Smart TV [2024]",2299,BLAUPUNKT,Bonus Offer,8,4.4,Yes
"Sony 32"" W830K BRAVIA LED HDR Google TV [2022]",545,SONY,Bonus Offer,349,4.5,Yes
"Samsung 32"" The Frame QLED Full HD Smart TV [2023]",645,SAMSUNG,Bonus Offer,345,4.4,Yes
"Samsung 85"" Q70D QLED 4K Smart TV [2024]",4295,SAMSUNG,Bonus Offer,3,4.3,Yes
"Samsung 75"" Q70D QLED 4K Smart TV [2024]",2995,SAMSUNG,Bonus Offer,3,4.3,Yes
"Hisense 65"" S7NAU Canvas 4K QLED Smart TV [2024]",1995,HISENSE,Bonus Offer,3,4.3,Yes
"Hisense 55"" S7NAU Canvas 4K QLED Smart TV [2024]",1595,HISENSE,Online Only,3,4.3,Yes
"TCL 75"" NXTFRAME 4K UHD QLED Google TV [2024]",2995,TCL,Online Only,3,4.3,Yes
"TCL 65"" NXTFRAME 4K UHD QLED Google TV [2024]",1995,TCL,Online Only,3,4.3,Yes
"TCL 55"" NXTFRAME 4K UHD QLED Google TV [2024]",1595,TCL,Online Only,3,4.3,Yes
"Kodak 55"" 4K UHD WebOS Smart TV [2024]",485,TCL,Online Only,3,4.3,Yes
"Kodak 40"" Full HD WebOS Smart TV [2024]",285,TCL,Online Only,3,4.3,Yes
"Kodak 31.5"" HD WebOS Smart TV [2024]",195,TCL,Online Only,3,4.3,Yes
ENGLAON 25’’ Full HD 12V Smart TV With Chromecast & Bluetooth,479.95,TCL,Online Only,95,4.4,Yes
ENGLAON 32’’ HD Smart 12V TV With Built-in Chromecast and Bluetooth Android 11,499.95,TCL,Online Only,95,4.4,Yes
ENGLAON 40’’ Full HD Smart 12V TV With Built-in Chromecast and Bluetooth Android 11,699.95,TCL,Online Only,95,4.4,Yes
ENGLAON 27” Full HD Frameless Android 11 Smart Monitor,359.95,TCL,Online Only,95,4.4,Yes
ENGLAON 24″ Smart Full HD Waterproof LED TV (Black),999.95,TCL,Online Only,95,4.4,Yes
ENGLAON 27’’ Full HD 12V Smart TV With Chromecast & Bluetooth,549.95,TCL,Online Only,95,4.4,Yes
ENGLAON 24″ Smart Full HD Waterproof LED TV (White),999.95,TCL,Online Only,95,4.4,Yes
ENGLAON 24″ Smart Full HD Waterproof LED TV (Mirror),1099.95,TCL,Online Only,95,4.4,Yes
"ENGLAON 22"" Full HD Android 11 Smart 12V TV DVD Combo & Bluetooth",449.95,TCL,Online Only,95,4.4,Yes
"ENGLAON 24"" Full HD LED Android 11 Smart 12V TV with Built-in DVD Player, Chromecast & Bluetooth",449.95,TCL,Online Only,95,4.4,Yes
ENGLAON 24″ HD LED 12V TV with Built-in DVD player,249.95,TCL,Online Only,95,4.4,Yes
ENGLAON 27'' Full HD Android 11 Smart 12V TV with DVD Combo & Bluetooth & Chromecast,649.95,TCL,Online Only,95,4.4,Yes
"Englaon 32"" Full HD Android 11 Smart 12V TV with DVD Combo & Chromecast",649.95,TCL,Online Only,95,4.4,Yes
ENGLAON 24'' HD Android 11 Smart 12V TV with Chromecast & Bluetooth,359.95,TCL,Online Only,95,4.4,Yes
ENGLAON 24'' Full HD Android Smart 12V TV with DVD Combo & Chromecast,649.95,TCL,Online Only,95,4.4,Yes
ENGLAON 24″ HD LED 12V TV for Caravans with HD Tuner,199.95,TCL,N/A,95,4.4,Yes
"TCL 85"" C745 PRO 4K UHD QLED Google TV (2024)",2495,TCL,N/A,95,4.4,Yes
"Ffalcon 75"" U64 4K UHD Google TV [2024]",899,FFALCON,N/A,95,4.4,Yes
"Ffalcon 65"" U64 4K UHD Google TV [2024]",699,FFALCON,N/A,95,4.4,Yes
"Samsung 98"" DU9000 Crystal LED UHD 4K Smart TV [2024]",5995,SAMSUNG,N/A,24,4.8,Yes
"Blaupunkt 24"" Full HD Smart TV with DVD and 12V Car Charger",249,BLAUPUNKT,N/A,4,3.3,No
